PUBUKPRN,UKPRN,KISCOURSEID,KISMODE,LOCID
10007798,10007798,798000,1,MAIN
10007798,10007798,798001,1,MAIN
10007798,10007798,798002,1,MAIN
10007798,10007798,798003,1,MAIN
10007798,10007798,798004,1,MAIN
10007798,10007798,798005,1,MAIN
10007798,10007798,798006,1,MAIN
10007798,10007798,798007,1,MAIN
10007798,10007798,798008,1,MAIN
10007798,10007798,798009,1,MAIN
10007798,10007798,798010,1,MAIN
10003270,10003270,270000,1,MAIN
10003270,10003270,270001,1,MAIN
10003270,10003270,270002,1,MAIN
10003270,10003270,270003,1,MAIN
10003270,10003270,270004,1,MAIN
10003270,10003270,270005,1,MAIN
10003270,10003270,270006,1,MAIN
10003270,10003270,270007,1,MAIN
10003270,10003270,270008,1,MAIN
10007790,10007790,790000,1,MAIN
10007790,10007790,790001,1,MAIN
10007790,10007790,790002,1,MAIN
10007790,10007790,790003,1,MAIN
10007790,10007790,790004,1,MAIN
10007790,10007790,790005,1,MAIN
10007790,10007790,790006,1,MAIN
10007790,10007790,790007,1,MAIN
10003861,10003861,861000,1,MAIN
10003861,10003861,861001,1,MAIN
10003861,10003861,861002,1,MAIN
10003861,10003861,861003,1,MAIN
10003861,10003861,861004,1,MAIN
10003861,10003861,861005,1,MAIN
10003861,10003861,861006,1,MAIN
10003861,10003861,861007,1,MAIN
10007786,10007786,786000,1,MAIN
10007786,10007786,786001,1,MAIN
10007786,10007786,786002,1,MAIN
10007786,10007786,786003,1,MAIN
10007786,10007786,786004,1,MAIN
10007786,10007786,786005,1,MAIN
10007786,10007786,786006,1,MAIN
