PUBUKPRN,UKPRN,KISCOURSEID,KISMODE,TITLE,CRSEURL,KISAIMCODE,NUMSTAGE,DISTANCE,WELSH
10007798,10007798,798000,1,Computer Science,https://example.ac.uk/courses/798000,021,3,0,0
10007798,10007798,798001,1,Mechanical Engineering,https://example.ac.uk/courses/798001,002,4,0,0
10007798,10007798,798002,1,Psychology,https://example.ac.uk/courses/798002,021,3,0,0
10007798,10007798,798003,1,Economics,https://example.ac.uk/courses/798003,021,3,0,0
10007798,10007798,798004,1,Law,https://example.ac.uk/courses/798004,045,3,0,0
10007798,10007798,798005,1,Medicine,https://example.ac.uk/courses/798005,033,5,0,0
10007798,10007798,798006,1,Architecture,https://example.ac.uk/courses/798006,020,3,0,0
10007798,10007798,798007,1,History,https://example.ac.uk/courses/798007,020,3,0,0
10007798,10007798,798008,1,Physics with Astrophysics,https://example.ac.uk/courses/798008,004,4,0,0
10007798,10007798,798009,1,Music,https://example.ac.uk/courses/798009,020,3,0,0
10007798,10007798,798010,1,Fashion Marketing,https://example.ac.uk/courses/798010,020,3,0,0
10003270,10003270,270000,1,Aeronautical Engineering,https://example.ac.uk/courses/270000,002,4,0,0
10003270,10003270,270001,1,Computing,https://example.ac.uk/courses/270001,002,4,0,0
10003270,10003270,270002,1,Mathematics,https://example.ac.uk/courses/270002,004,4,0,0
10003270,10003270,270003,1,Chemistry,https://example.ac.uk/courses/270003,004,4,0,0
10003270,10003270,270004,1,Biomedical Engineering,https://example.ac.uk/courses/270004,002,4,0,0
10003270,10003270,270005,1,Chemical Engineering,https://example.ac.uk/courses/270005,002,4,0,0
10003270,10003270,270006,1,Civil Engineering,https://example.ac.uk/courses/270006,002,4,0,0
10003270,10003270,270007,1,Electrical and Electronic Engineering,https://example.ac.uk/courses/270007,002,4,0,0
10003270,10003270,270008,1,Medicine,https://example.ac.uk/courses/270008,033,5,0,0
10007790,10007790,790000,1,Philosophy,https://example.ac.uk/courses/790000,012,3,0,0
10007790,10007790,790001,1,Linguistics,https://example.ac.uk/courses/790001,012,3,0,0
10007790,10007790,790002,1,Artificial Intelligence and Computer Science,https://example.ac.uk/courses/790002,021,3,0,0
10007790,10007790,790003,1,Veterinary Medicine,https://example.ac.uk/courses/790003,033,5,0,0
10007790,10007790,790004,1,Geology,https://example.ac.uk/courses/790004,021,3,0,0
10007790,10007790,790005,1,Sustainable Development,https://example.ac.uk/courses/790005,012,3,0,0
10007790,10007790,790006,1,Social Work,https://example.ac.uk/courses/790006,012,3,0,0
10007790,10007790,790007,1,Ecological and Environmental Sciences,https://example.ac.uk/courses/790007,021,3,0,0
10003861,10003861,861000,1,Graphic and Communication Design,https://example.ac.uk/courses/861000,020,3,0,0
10003861,10003861,861001,1,Journalism,https://example.ac.uk/courses/861001,020,3,0,0
10003861,10003861,861002,1,Sport and Exercise Sciences,https://example.ac.uk/courses/861002,021,3,0,0
10003861,10003861,861003,1,Nursing (Adult),https://example.ac.uk/courses/861003,021,3,0,0
10003861,10003861,861004,1,Accounting and Finance,https://example.ac.uk/courses/861004,021,3,0,0
10003861,10003861,861005,1,Food Science and Nutrition,https://example.ac.uk/courses/861005,021,3,0,0
10003861,10003861,861006,1,Criminology,https://example.ac.uk/courses/861006,020,3,0,0
10003861,10003861,861007,1,"Film, Photography and Media",https://example.ac.uk/courses/861007,020,3,0,0
10007786,10007786,786000,1,Aerospace Engineering,https://example.ac.uk/courses/786000,002,4,0,0
10007786,10007786,786001,1,Neuroscience,https://example.ac.uk/courses/786001,021,3,0,0
10007786,10007786,786002,1,Politics and International Relations,https://example.ac.uk/courses/786002,020,3,0,0
10007786,10007786,786003,1,Theatre and Performance,https://example.ac.uk/courses/786003,020,3,0,0
10007786,10007786,786004,1,Zoology,https://example.ac.uk/courses/786004,021,3,0,0
10007786,10007786,786005,1,Data Science,https://example.ac.uk/courses/786005,021,3,0,0
10007786,10007786,786006,1,Anthropology,https://example.ac.uk/courses/786006,020,3,0,0
