PUBUKPRN,UKPRN,KISCOURSEID,KISMODE,SBJ
10007798,10007798,798000,1,CAH11-01-01
10007798,10007798,798001,1,CAH10-01-02
10007798,10007798,798002,1,CAH04-01-01
10007798,10007798,798003,1,CAH15-02-01
10007798,10007798,798004,1,CAH16-01-01
10007798,10007798,798005,1,CAH01-01-01
10007798,10007798,798006,1,CAH13-01-01
10007798,10007798,798007,1,CAH20-01-01
10007798,10007798,798008,1,CAH07-01-01
10007798,10007798,798009,1,CAH25-02-02
10007798,10007798,798010,1,CAH17-01-03
10003270,10003270,270000,1,CAH10-01-04
10003270,10003270,270001,1,CAH11-01-01
10003270,10003270,270002,1,CAH09-01-01
10003270,10003270,270003,1,CAH07-02-01
10003270,10003270,270004,1,CAH10-01-05
10003270,10003270,270005,1,CAH10-01-09
10003270,10003270,270006,1,CAH10-01-07
10003270,10003270,270007,1,CAH10-01-08
10003270,10003270,270008,1,CAH01-01-01
10007790,10007790,790000,1,CAH20-02-01
10007790,10007790,790001,1,CAH19-01-04
10007790,10007790,790002,1,CAH11-01-01
10007790,10007790,790003,1,CAH05-01-01
10007790,10007790,790004,1,CAH07-03-01
10007790,10007790,790005,1,CAH26-01-02
10007790,10007790,790006,1,CAH15-04-01
10007790,10007790,790007,1,CAH26-01-02
10003861,10003861,861000,1,CAH25-01-03
10003861,10003861,861001,1,CAH24-01-01
10003861,10003861,861002,1,CAH03-02-01
10003861,10003861,861003,1,CAH02-04-01
10003861,10003861,861004,1,CAH17-01-04
10003861,10003861,861005,1,CAH06-01-04
10003861,10003861,861006,1,CAH15-01-03
10003861,10003861,861007,1,CAH24-01-05
10007786,10007786,786000,1,CAH10-01-04
10007786,10007786,786001,1,CAH03-01-07
10007786,10007786,786002,1,CAH15-03-01
10007786,10007786,786003,1,CAH25-02-04
10007786,10007786,786004,1,CAH03-01-01
10007786,10007786,786005,1,CAH09-01-02
10007786,10007786,786006,1,CAH15-01-02
